,Sharpe,skew,turnover,ER
40,2.2403391219390154,0.5787011922294752,0.5929393400243189,3.4999876788376456
